From study-source info,Treatment / pulse information,,,,,,,,,Plot information (fields also occur in study-source sheet),,,,,,,,,,,,,,,,,
Study ID,Pulse ID,Pulse type,Date of pulse,Date accuracy,Duration of pulse,Duration unit,Pulse amount,Pulse unit,Pulse confined to area?,Plot ID,Plot descriptor,Dominant species,Species diversity,Species diversity type,%C4,Soil texture,Rooting depth,Rooting depth units,Soil C:N,Soil C content,Soil organic matter content,Soil pH,"Plant biomass/
cover/LAI",Plant bio/cov/LAI units,Planting date,Established or planted,Notes
389,1,Experimental/applied,8/1/2013,Estimate - reported,,,20,mm,collar,1,Water Addition,,,,,,,,,,,,,,,,
389,2,Experimental/applied,8/1/2013,Estimate - reported,,,0,mm,collar,2,Control,,,,,,,,,,,,,,,,
392,1,Natural,7/10/2014,Exact - reported,,,1.6,mm,no,1,Under canopy,,,,,,,,,1.7,,6,,,,,
392,2,Natural,7/10/2014,Exact - reported,,,1.6,mm,no,2,Intercanopy,,,,,,,,,1,,5.6,,,,,
392,3,Natural,9/5/2014,Exact - reported,,,1.2,mm,no,1,Under canopy,,,,,,,,,1.7,,6,,,,,
392,4,Natural,9/5/2014,Exact - reported,,,1.2,mm,no,2,Intercanopy,,,,,,,,,1,,5.6,,,,,
392,5,Natural,9/25/2014,Exact - reported,,,18.4,mm,no,1,Under canopy,,,,,,,,,1.7,,6,,,,,
392,6,Natural,9/25/2014,Exact - reported,,,18.4,mm,no,2,Intercanopy,,,,,,,,,1,,5.6,,,,,
392,7,Natural,11/16/2014,Exact - reported,,,4.2,mm,no,1,Under canopy,,,,,,,,,1.7,,6,,,,,
392,8,Natural,11/16/2014,Exact - reported,,,4.2,mm,no,2,Intercanopy,,,,,,,,,1,,5.6,,,,,
392,9,Natural,12/11/2014,Exact - reported,,,9,mm,no,1,Under canopy,,,,,,,,,1.7,,6,,,,,
392,10,Natural,12/11/2014,Exact - reported,,,9,mm,no,2,Intercanopy,,,,,,,,,1,,5.6,,,,,
392,11,Natural,1/14/2015,Exact - reported,,,62.8,mm,no,1,Under canopy,,,,,,,,,1.7,,6,,,,,
392,12,Natural,1/14/2015,Exact - reported,,,62.8,mm,no,2,Intercanopy,,,,,,,,,1,,5.6,,,,,
392,13,Natural,4/18/2015,Exact - reported,,,50.8,mm,no,1,Under canopy,,,,,,,,,1.7,,6,,,,,
392,14,Natural,4/18/2015,Exact - reported,,,50.8,mm,no,2,Intercanopy,,,,,,,,,1,,5.6,,,,,
392,15,Natural,5/20/2015,Exact - reported,,,8.6,mm,no,1,Under canopy,,,,,,,,,1.7,,6,,,,,
392,16,Natural,5/20/2015,Exact - reported,,,8.6,mm,no,2,Intercanopy,,,,,,,,,1,,5.6,,,,,
392,17,Natural,7/16/2015,Exact - reported,,,1.4,mm,no,1,Under canopy,,,,,,,,,1.7,,6,,,,,
392,18,Natural,7/16/2015,Exact - reported,,,1.4,mm,no,2,Intercanopy,,,,,,,,,1,,5.6,,,,,
392,19,Natural,8/18/2015,Exact - reported,,,1.4,mm,no,1,Under canopy,,,,,,,,,1.7,,6,,,,,
392,20,Natural,8/18/2015,Exact - reported,,,1.4,mm,no,2,Intercanopy,,,,,,,,,1,,5.6,,,,,
409,1,Experimental/applied,5/23/2005,Exact - reported,,,20,mm,trenching,1,bare soil,,,,,,,,,,,,,,,,
409,2,Experimental/applied,5/23/2005,Exact - reported,,,20,mm,trenching,2,root-free,,,,,,,,,,,,,,,,
409,3,Experimental/applied,5/23/2005,Exact - reported,,,20,mm,trenching,3,vegetated,,,,,,,,,,,,,,,,
409,4,Experimental/applied,5/23/2005,Exact - reported,,,20,mm,trenching,4,vegetated,,,,,,,,,,,,,,,,
409,5,Experimental/applied,5/23/2005,Exact - reported,,,20,mm,trenching,5,vegetated,,,,,,,,,,,,,,,,
409,6,Experimental/applied,8/28/2005,Exact - reported,,,20,mm,trenching,1,bare soil,,,,,,,,,,,,,,,,
409,7,Experimental/applied,5/23/2005,Exact - reported,,,20,mm,trenching,1,bare soil,,,,,,,,,,,,,,,,
409,8,Experimental/applied,8/28/2005,Exact - reported,,,20,mm,trenching,1,bare soil,,,,,,,,,,,,,,,,
488_1,1,Experimental/applied,5/1/2002,Estimate - reported,30,min,8,mm,no,1,GM02 w/ O horizon,,,,,,,,,,,,,,,,"pulse amount was recorded as ""6 or 12 mm"""
488_1,2,Experimental/applied,5/1/2002,Estimate - reported,30,min,8,mm,no,2,GM02 w/o O horizon,,,,,,,,,,,,,,,,pulse dates were recorded as a range of months/years across which the experiment was carried out
488_2,1,Experimental/applied,5/1/2005,Estimate - reported,30,min,8,mm,no,1,HF04 w/ O horizon,,,,,,,,,,,,,,,,
488_2,2,Experimental/applied,5/1/2005,Estimate - reported,30,min,8,mm,no,2,HF04 w/o O horizon,,,,,,,,,,,,,,,,
488_2,3,Experimental/applied,5/1/2005,Estimate - reported,30,min,8,mm,no,3,HF05 w/ O horizon,,,,,,,,,,,,,,,,
488_2,4,Experimental/applied,5/1/2005,Estimate - reported,30,min,8,mm,no,4,HF05 w/o O horizon,,,,,,,,,,,,,,,,
455,1,Experimental/applied,9/28/2008,Exact - reported,,,0,mm,collar,1,,,,,,,,,,,,,,,,,
455,2,Experimental/applied,9/28/2008,Exact - reported,,,10,mm,collar,2,Control,,,,,,,,,,,,,,,,
455,3,Experimental/applied,9/28/2008,Exact - reported,,,20,mm,collar,3,A2,,,,,,,,,,,,,,,,
455,4,Experimental/applied,9/28/2008,Exact - reported,,,40,mm,collar,4,A3,,,,,,,,,,,,,,,,
452,1,Experimental/applied,6/12/2013,Exact - reported,,,0,mm,aboveground barriers,2,0 mm ,Bothrichloa ischaemum,,,,,,,,,,,,,,,
452,2,Experimental/applied,6/12/2013,Exact - reported,,,5,mm,aboveground barriers,3,5 mm,Bothrichloa ischaemum,,,,,,,,,,,,,,,
452,3,Experimental/applied,6/12/2013,Exact - reported,,,10,mm,aboveground barriers,4,10 mm,Bothrichloa ischaemum,,,,,,,,,,,,,,,
452,4,Experimental/applied,6/12/2013,Exact - reported,,,20,mm,aboveground barriers,5,20 mm,Bothrichloa ischaemum,,,,,,,,,,,,,,,
452,5,Experimental/applied,6/12/2013,Exact - reported,,,30,mm,aboveground barriers,6,30 mm,Bothrichloa ischaemum,,,,,,,,,,,,,,,
452,6,Experimental/applied,6/12/2013,Exact - reported,,,0,mm,aboveground barriers,2,0 mm,Lespedeza davurica,,,,,,,,,,,,,,,
452,7,Experimental/applied,6/12/2013,Exact - reported,,,5,mm,aboveground barriers,3,5 mm,Lespedeza davurica,,,,,,,,,,,,,,,
452,8,Experimental/applied,6/12/2013,Exact - reported,,,10,mm,aboveground barriers,4,10 mm,Lespedeza davurica,,,,,,,,,,,,,,,
452,9,Experimental/applied,6/12/2013,Exact - reported,,,20,mm,aboveground barriers,5,20 mm,Lespedeza davurica,,,,,,,,,,,,,,,
452,10,Experimental/applied,6/12/2013,Exact - reported,,,30,mm,aboveground barriers,6,30 mm,Lespedeza davurica,,,,,,,,,,,,,,,
452,11,Experimental/applied,8/15/2013,Exact - reported,,,0,mm,aboveground barriers,2,0 mm,Bothrichloa ischaemum,,,,,,,,,,,,,,,
452,12,Experimental/applied,8/15/2013,Exact - reported,,,5,mm,aboveground barriers,3,5 mm,Bothrichloa ischaemum,,,,,,,,,,,,,,,
452,13,Experimental/applied,8/15/2013,Exact - reported,,,10,mm,aboveground barriers,4,10 mm,Bothrichloa ischaemum,,,,,,,,,,,,,,,
452,14,Experimental/applied,8/15/2013,Exact - reported,,,20,mm,aboveground barriers,5,20 mm,Bothrichloa ischaemum,,,,,,,,,,,,,,,
452,15,Experimental/applied,8/15/2013,Exact - reported,,,30,mm,aboveground barriers,6,30 mm,Bothrichloa ischaemum,,,,,,,,,,,,,,,
452,16,Experimental/applied,8/15/2013,Exact - reported,,,0,mm,aboveground barriers,2,0 mm,Lespedeza davurica,,,,,,,,,,,,,,,
452,17,Experimental/applied,8/15/2013,Exact - reported,,,5,mm,aboveground barriers,3,5 mm,Lespedeza davurica,,,,,,,,,,,,,,,
452,18,Experimental/applied,8/15/2013,Exact - reported,,,10,mm,aboveground barriers,4,10 mm,Lespedeza davurica,,,,,,,,,,,,,,,
452,19,Experimental/applied,8/15/2013,Exact - reported,,,20,mm,aboveground barriers,5,20 mm,Lespedeza davurica,,,,,,,,,,,,,,,
452,20,Experimental/applied,8/15/2013,Exact - reported,,,30,mm,aboveground barriers,6,30 mm,Lespedeza davurica,,,,,,,,,,,,,,,
691,1,Experimental/applied,9/2/2000,Exact - reported,,,0,mm,collar,1,0,,,,,,,,,,,,,,,,
691,2,Experimental/applied,9/2/2000,Exact - reported,,,10,mm,collar,2,10,,,,,,,,,,,,,,,,
691,3,Experimental/applied,9/2/2000,Exact - reported,,,25,mm,collar,3,25,,,,,,,,,,,,,,,,
691,4,Experimental/applied,9/2/2000,Exact - reported,,,50,mm,collar,4,50,,,,,,,,,,,,,,,,
691,5,Experimental/applied,9/2/2000,Exact - reported,,,100,mm,collar,5,100,,,,,,,,,,,,,,,,
691,6,Experimental/applied,9/2/2000,Exact - reported,,,150,mm,collar,6,150,,,,,,,,,,,,,,,,
691,7,Experimental/applied,9/2/2000,Exact - reported,,,200,mm,collar,7,200,,,,,,,,,,,,,,,,
691,8,Experimental/applied,9/2/2000,Exact - reported,,,300,mm,collar,8,300,,,,,,,,,,,,,,,,
54,1,Experimental/applied,6/29/2009,Exact - reported,30,min,5,mm,aboveground barriers,1,,,,,,,,,,,,,,,,,
54,2,Experimental/applied,6/30/2009,Exact - reported,30,min,5,mm,aboveground barriers,1,,,,,,,,,,,,,,,,,
54,3,Experimental/applied,7/1/2009,Exact - reported,30,min,5,mm,aboveground barriers,1,,,,,,,,,,,,,,,,,
256,1,Experimental/applied,7/1/2009,Estimate - reported,,,0,mm,no,1,"Sagebrush, control",,,,,,,,,,,,,,,,
256,2,Experimental/applied,7/1/2009,Estimate - reported,,,20,mm,no,2,Sagebrush,,,,,,,,,,,,,,,,
256,3,Experimental/applied,8/1/2009,Estimate - reported,,,0,mm,no,1,"Sagebrush, control",,,,,,,,,,,,,,,,
256,4,Experimental/applied,8/1/2009,Estimate - reported,,,20,mm,no,2,Sagebrush,,,,,,,,,,,,,,,,
256,5,Experimental/applied,7/1/2009,Estimate - reported,,,0,mm,trenching,3,trench control,,,,,,,,,,,,,,,,
256,6,Experimental/applied,7/1/2009,Estimate - reported,,,20,mm,trenching,4,trench,,,,,,,,,,,,,,,,
256,7,Experimental/applied,8/1/2009,Estimate - reported,,,0,mm,trenching,3,trench control,,,,,,,,,,,,,,,,
256,8,Experimental/applied,8/1/2009,Estimate - reported,,,20,mm,trenching,4,trench,,,,,,,,,,,,,,,,
643_1,1,Experimental/applied,6/10/2002,Exact - reported,,,39,mm,trenching,1,heteropogon wet,Heteropogon contortus,,,,clay,,,,,,,,,,,
643_1,2,Experimental/applied,6/10/2002,Exact - reported,,,39,mm,trenching,2,eragrostis wet,Eragrostis lehmanniana,,,,clay,,,,,,,,,,,
643_1,3,Experimental/applied,8/16/2002,Exact - reported,,,39,mm,trenching,1,heteropogon wet,Heteropogon contortus,,,,clay,,,,,,,,,,,
643_1,4,Experimental/applied,8/16/2002,Exact - reported,,,12,mm,trenching,3,heteropogon dry,Heteropogon contortus,,,,clay,,,,,,,,,,,
643_1,5,Experimental/applied,8/16/2002,Exact - reported,,,39,mm,trenching,2,eragrostis wet,Eragrostis lehmanniana,,,,clay,,,,,,,,,,,
643_1,6,Experimental/applied,8/16/2002,Exact - reported,,,12,mm,trenching,4,eragrostis dry,Eragrostis lehmanniana,,,,clay,,,,,,,,,,,
643_1,7,Experimental/applied,6/10/2003,Exact - reported,,,39,mm,trenching,1,heteropogon wet,Heteropogon contortus,,,,clay,,,,,,,,,,,
643_1,8,Experimental/applied,6/10/2003,Exact - reported,,,12,mm,trenching,3,heteropogon dry,Heteropogon contortus,,,,clay,,,,,,,,,,,
643_1,9,Experimental/applied,6/10/2003,Exact - reported,,,39,mm,trenching,2,eragrostis wet,Eragrostis lehmanniana,,,,clay,,,,,,,,,,,
643_1,10,Experimental/applied,6/10/2003,Exact - reported,,,12,mm,trenching,4,eragrostis dry,Eragrostis lehmanniana,,,,clay,,,,,,,,,,,
643_1,11,Experimental/applied,8/16/2003,Exact - reported,,,39,mm,trenching,1,heteropogon wet,Heteropogon contortus,,,,clay,,,,,,,,,,,
643_1,12,Experimental/applied,8/16/2003,Exact - reported,,,12,mm,trenching,3,heteropogon dry,Heteropogon contortus,,,,clay,,,,,,,,,,,
643_1,13,Experimental/applied,8/16/2003,Exact - reported,,,39,mm,trenching,2,eragrostis wet,Eragrostis lehmanniana,,,,clay,,,,,,,,,,,
643_1,14,Experimental/applied,8/16/2003,Exact - reported,,,12,mm,trenching,4,eragrostis dry,Eragrostis lehmanniana,,,,clay,,,,,,,,,,,
643_2,1,Experimental/applied,6/10/2002,Exact - reported,,,39,mm,trenching,5,heteropogon wet,Heteropogon contortus,,,,loamy sand,,,,,,,,,,,
643_2,2,Experimental/applied,6/10/2002,Exact - reported,,,39,mm,trenching,6,eragrostis wet,Eragrostis lehmanniana,,,,loamy sand,,,,,,,,,,,
643_2,3,Experimental/applied,8/16/2002,Exact - reported,,,39,mm,trenching,5,heteropogon wet,Heteropogon contortus,,,,loamy sand,,,,,,,,,,,
643_2,4,Experimental/applied,8/16/2002,Exact - reported,,,12,mm,trenching,7,heteropogon dry,Heteropogon contortus,,,,loamy sand,,,,,,,,,,,
643_2,5,Experimental/applied,8/16/2002,Exact - reported,,,39,mm,trenching,6,eragrostis wet,Eragrostis lehmanniana,,,,loamy sand,,,,,,,,,,,
643_2,6,Experimental/applied,8/16/2002,Exact - reported,,,12,mm,trenching,8,eragrostis dry,Eragrostis lehmanniana,,,,loamy sand,,,,,,,,,,,
643_2,7,Experimental/applied,6/10/2003,Exact - reported,,,39,mm,trenching,5,heteropogon wet,Heteropogon contortus,,,,loamy sand,,,,,,,,,,,
643_2,8,Experimental/applied,6/10/2003,Exact - reported,,,12,mm,trenching,7,heteropogon dry,Heteropogon contortus,,,,loamy sand,,,,,,,,,,,
643_2,9,Experimental/applied,6/10/2003,Exact - reported,,,39,mm,trenching,6,eragrostis wet,Eragrostis lehmanniana,,,,loamy sand,,,,,,,,,,,
643_2,10,Experimental/applied,6/10/2003,Exact - reported,,,12,mm,trenching,8,eragrostis dry,Eragrostis lehmanniana,,,,loamy sand,,,,,,,,,,,
643_2,11,Experimental/applied,8/16/2003,Exact - reported,,,39,mm,trenching,5,heteropogon wet,Heteropogon contortus,,,,loamy sand,,,,,,,,,,,
643_2,12,Experimental/applied,8/16/2003,Exact - reported,,,12,mm,trenching,7,heteropogon dry,Heteropogon contortus,,,,loamy sand,,,,,,,,,,,
643_2,13,Experimental/applied,8/16/2003,Exact - reported,,,39,mm,trenching,6,eragrostis wet,Eragrostis lehmanniana,,,,loamy sand,,,,,,,,,,,
643_2,14,Experimental/applied,8/16/2003,Exact - reported,,,12,mm,trenching,8,eragrostis dry,Eragrostis lehmanniana,,,,loamy sand,,,,,,,,,,,
226,1,Experimental/applied,8/26/2014,Exact - reported,,,15,mm,no,1,experimental,,,,,,,,,,,,,,,,
807,1,Experimental/applied,6/20/2005,Exact - reported,,,4,cm,no,1,P 4.0 cm,,,,,,,,,,4.116666667,,100,%,,,SOM reported separately for 0-2 cm and 2-12cm soil depth. Recorded here is the weighted average of the SOM across the two measurements 
807,2,Experimental/applied,6/20/2005,Exact - reported,,,2,cm,no,2,P 2.0 cm,,,,,,,,,,4.116666667,,100,%,,,
807,3,Experimental/applied,6/20/2005,Exact - reported,,,1,cm,no,3,P 1.0 cm,,,,,,,,,,4.116666667,,100,%,,,
807,4,Experimental/applied,6/20/2005,Exact - reported,,,0.5,cm,no,4,P 0.5 cm,,,,,,,,,,4.116666667,,100,%,,,
807,5,Experimental/applied,6/20/2005,Exact - reported,,,0.2,cm,no,5,P 0.2 cm,,,,,,,,,,4.116666667,,100,%,,,
807,6,Experimental/applied,6/20/2005,Exact - reported,,,4,cm,no,6,IP 4.0 cm,,,,,,,,,,2.15,,0,%,,,
807,7,Experimental/applied,6/20/2005,Exact - reported,,,2,cm,no,7,IP 2.0 cm,,,,,,,,,,2.15,,0,%,,,
807,8,Experimental/applied,6/20/2005,Exact - reported,,,1,cm,no,8,IP 1.0 cm ,,,,,,,,,,2.15,,0,%,,,
807,9,Experimental/applied,6/20/2005,Exact - reported,,,0.5,cm,no,9,IP 0.5 cm,,,,,,,,,,2.15,,0,%,,,
807,10,Experimental/applied,6/20/2005,Exact - reported,,,0.2,cm,no,10,IP 0.2 cm,,,,,,,,,,2.15,,0,%,,,
150,1,Experimental/applied,7/15/2005,Estimate - extracted,,,1,cm,no,1,1cm,,,,,,,,,,,,,,,,
150,2,Experimental/applied,8/15/2005,Estimate - extracted,,,1,cm,no,1,1cm,,,,,,,,,,,,,,,,
150,3,Experimental/applied,7/15/2007,Estimate - extracted,,,1,cm,no,1,1cm,,,,,,,,,,,,,,,,
150,4,Experimental/applied,7/15/2007,Estimate - extracted,,,20,cm,no,2,20cm,,,,,,,,,,,,,,,,
150,5,Experimental/applied,9/15/2007,Estimate - extracted,,,1,cm,no,1,1cm,,,,,,,,,,,,,,,,
150,6,Experimental/applied,9/15/2007,Estimate - extracted,,,20,cm,no,2,20cm,,,,,,,,,,,,,,,,
879,1,Natural,8/17/2007,Exact - reported,,,60,mm,no,1,natural,Cenchrus ciliaris L.,,,,,,,,,,,,,,,
879,2,Natural,8/17/2007,Exact - reported,,,60,mm,no,2,green,Cenchrus ciliaris L.,,,,,,,,,,,,,,,
879,3,Natural,8/17/2007,Exact - reported,,,60,mm,no,3,non-green,Cenchrus ciliaris L.,,,,,,,,,,,,,,,
888,1,Experimental/applied,"June 21, 2008 - July 24, 2008",Estimate - reported,45,min,65,mm h-1,no,1,high cover - lehmann's lovegrass,Eragrostis lehmannaiana,,,,,,,,,,,,,,,
888,2,Experimental/applied,"June 21, 2008 - July 24, 2008",Estimate - reported,45,min,65,mm h-1,no,2,low cover - lehmann's lovegrass,Eragrostis lehmannaiana,,,,,,,,,,,,,,,
888,3,Experimental/applied,"June 21, 2008 - July 24, 2008",Estimate - reported,45,min,65,mm h-1,no,3,low cover - native bunch grass,"Bouteloua eripoda, Bouteloua curtipendula, Bouteloua hirsuta, Heteropogon contortus, Hilaria berlangeri",,,,,,,,,,,,,,,
888,4,Experimental/applied,"June 21, 2008 - July 24, 2008",Estimate - reported,45,min,65,mm h-1,no,4,high cover,"Bouteloua eripoda, Bouteloua curtipendula, Bouteloua hirsuta, Heteropogon contortus, Hilaria berlangeri, Eragrostis lehmannaiana",,,,,,,,,,,,,,,
888,5,Experimental/applied,"June 21, 2008 - July 24, 2008",Estimate - reported,45,min,65,mm h-1,no,5,low cover ,"Bouteloua eripoda, Bouteloua curtipendula, Bouteloua hirsuta, Heteropogon contortus, Hilaria berlangeri, Eragrostis lehmannaiana",,,,,,,,,,,,,,,
898,1,Natural,1/23/2003,Estimate - reported,,,55,mm,no,1,,"Acacia nigrescens, Combretum apiculatum, Sclerocarya birream, Panicum maximum, Digitaria eriantha, Eragrostis rigidor, Pogonarthria squarrosa",,,,,,,,,,,,,,,
898,2,Natural,3/4/2003,Estimate - reported,,,37,mm,no,1,,"Acacia nigrescens, Combretum apiculatum, Sclerocarya birream, Panicum maximum, Digitaria eriantha, Eragrostis rigidor, Pogonarthria squarrosa",,,,,,,,,,,,,,,
898,3,Natural,4/26/2003,Estimate - reported,,,28,mm,no,1,,"Acacia nigrescens, Combretum apiculatum, Sclerocarya birream, Panicum maximum, Digitaria eriantha, Eragrostis rigidor, Pogonarthria squarrosa",,,,,,,,,,,,,,,
910,1,Natural,8/27/2003,Estimate - extracted,,,22.5,mm,no,1,monsoon,"Larrea tridentata, Parthenium incanum, Acacia constricta, Rhus microphylla, Flourensia cernua",,,,,,,,,,,,,,,
910,2,Natural,9/9/2003,Estimate - extracted,,,4.44,mm,no,1,monsoon,"Larrea tridentata, Parthenium incanum, Acacia constricta, Rhus microphylla, Flourensia cernua",,,,,,,,,,,,,,,
910,3,Natural,9/24/2003,Estimate - extracted,,,25.55,mm,no,1,monsoon,"Larrea tridentata, Parthenium incanum, Acacia constricta, Rhus microphylla, Flourensia cernua",,,,,,,,,,,,,,,
910,4,Natural,10/9/2003,Estimate - extracted,,,10,mm,no,1,monsoon,"Larrea tridentata, Parthenium incanum, Acacia constricta, Rhus microphylla, Flourensia cernua",,,,,,,,,,,,,,,
914,1,Experimental/applied,6/12/2003,Exact - reported,,,39,mm,no,1,E. lehmannianniana,Eragrostis lehmanniana,,,,,,,,,,,,,,,
914,2,Experimental/applied,6/12/2003,Exact - reported,,,39,mm,no,2,H. contortus,Heteropogon contortus L,,,,,,,,,,,,,,,
932,1,Experimental/applied,5/26/2012,Estimate - reported,1,hr,20,mm,no,1,"open site, between tree crowns",Quercus suber L.,,,,,,,,,,,,,,,
932,2,Experimental/applied,5/26/2012,Estimate - reported,1,hr,20,mm,no,2,"shaded site, beneath tree crown",Quercus suber L.,,,,,,,,,,,,,,,
938,1,Experimental/applied,7/9/2011,Estimate - reported,,,9.4,mm,no,1,Bothriochloa ischaemum watering qauntity 1,Bothriochloa ischaemum,,,,,,,,,,,,,,,
938,2,Experimental/applied,7/9/2011,Estimate - reported,,,18.8,mm,no,2,Bothriochloa ischaemum watering qauntity 2,Bothriochloa ischaemum,,,,,,,,,,,,,,,
938,3,Experimental/applied,7/9/2011,Estimate - reported,,,0,mm,no,3,Bothriochloa ischaemum control,Bothriochloa ischaemum,,,,,,,,,,,,,,,
938,4,Experimental/applied,7/9/2011,Estimate - reported,,,9.4,mm,no,4,Lespedeza davurica watering quantity 1,Lespedeza davurica,,,,,,,,,,,,,,,
938,5,Experimental/applied,7/9/2011,Estimate - reported,,,18.8,mm,no,5,Lespedeza davurica watering quantity 2,Lespedeza davurica,,,,,,,,,,,,,,,
938,6,Experimental/applied,7/9/2011,Estimate - reported,,,0,mm,no,6,Lespedeza davurica control,Lespedeza davurica,,,,,,,,,,,,,,,
938,7,Experimental/applied,8/7/2011,Estimate - reported,,,9.1,mm,no,1,Bothriochloa ischaemum watering qauntity 1,Bothriochloa ischaemum,,,,,,,,,,,,,,,
938,8,Experimental/applied,8/7/2011,Estimate - reported,,,18.2,mm,no,2,Bothriochloa ischaemum watering qauntity 2,Bothriochloa ischaemum,,,,,,,,,,,,,,,
938,9,Experimental/applied,8/7/2011,Estimate - reported,,,0,mm,no,3,Bothriochloa ischaemum control,Bothriochloa ischaemum,,,,,,,,,,,,,,,
938,10,Experimental/applied,8/7/2011,Estimate - reported,,,9.1,mm,no,4,Lespedeza davurica watering qauntity 1,Lespedeza davurica,,,,,,,,,,,,,,,
938,11,Experimental/applied,8/7/2011,Estimate - reported,,,18.2,mm,no,5,Lespedeza davurica watering qauntity 2,Lespedeza davurica,,,,,,,,,,,,,,,
938,12,Experimental/applied,8/7/2011,Estimate - reported,,,0,mm,no,6,Lespedeza davurica control,Lespedeza davurica,,,,,,,,,,,,,,,
962,1,Natural,9/16/2001,Exact - reported,,,15,mm,no,1,"grass, depth 5",Bouteloua eriopoda,,,,,,,,,,,,,,,
962,2,Natural,9/16/2001,Exact - reported,,,15,mm,no,2,"interspace, depth 5","Bouteloua eriopoda, Larrea tridentata",,,,,,,,,,,,,,,
962,3,Natural,9/16/2001,Exact - reported,,,15,mm,no,3,"shrub, depth 5",Larrea tridentata,,,,,,,,,,,,,,,
962,4,Natural,9/16/2001,Exact - reported,,,15,mm,no,4,"grass, depth 15",Bouteloua eriopoda,,,,,,,,,,,,,,,
962,5,Natural,9/16/2001,Exact - reported,,,15,mm,no,5,"interspace, depth 15","Bouteloua eriopoda, Larrea tridentata",,,,,,,,,,,,,,,
962,6,Natural,9/16/2001,Exact - reported,,,15,mm,no,6,"shrub, depth 15",Larrea tridentata,,,,,,,,,,,,,,,
962,7,Natural,9/16/2001,Exact - reported,,,15,mm,no,7,"grass, depth 30",Bouteloua eriopoda,,,,,,,,,,,,,,,
962,8,Natural,9/16/2001,Exact - reported,,,15,mm,no,8,"interspace, depth 30","Bouteloua eriopoda, Larrea tridentata",,,,,,,,,,,,,,,
962,9,Natural,9/16/2001,Exact - reported,,,15,mm,no,9,"shrub, depth 30",Larrea tridentata,,,,,,,,,,,,,,,
962,10,Natural,9/16/2001,Exact - reported,,,15,mm,no,10,"grass, depth 45",Bouteloua eriopoda,,,,,,,,,,,,,,,
962,11,Natural,9/16/2001,Exact - reported,,,15,mm,no,11,"interspace, depth 45","Bouteloua eriopoda, Larrea tridentata",,,,,,,,,,,,,,,
962,12,Natural,9/16/2001,Exact - reported,,,15,mm,no,12,"shrub, depth 45",Larrea tridentata,,,,,,,,,,,,,,,
962,13,Natural,9/16/2001,Exact - reported,,,15,mm,no,13,"grass, depth 60",Bouteloua eriopoda,,,,,,,,,,,,,,,
962,14,Natural,9/16/2001,Exact - reported,,,15,mm,no,14,"interspace, depth 60","Bouteloua eriopoda, Larrea tridentata",,,,,,,,,,,,,,,
962,15,Natural,9/16/2001,Exact - reported,,,15,mm,no,15,"shrub, depth 60",Larrea tridentata,,,,,,,,,,,,,,,
962,16,Natural,9/16/2001,Exact - reported,,,15,mm,no,16,grass,Bouteloua eriopoda,,,,,,,,,,,,,,,
962,17,Natural,9/16/2001,Exact - reported,,,15,mm,no,17,shrub,Larrea tridentata,,,,,,,,,,,,,,,
964_1,1,Experimental/applied,1/20/1996,Exact - reported,,,16,mm,no,1,watered,,,,,,,,,,,,,,,,
964_1,2,Experimental/applied,1/20/1996,Exact - reported,,,0,mm,no,2,control,,,,,,,,,,,,,,,,
964_2,1,Experimental/applied,1/20/1996,Exact - reported,,,16,mm,no,1,watered,,,,,,,,,,,,,,,,
964_2,2,Experimental/applied,1/20/1996,Exact - reported,,,0,mm,no,2,control,,,,,,,,,,,,,,,,
964_1,3,Experimental/applied,1/20/1996,Exact - reported,,,16,mm,no,3,"watered, Mulinum spinosum",,,,,,,,,,,,,,,,
964_1,4,Experimental/applied,1/20/1996,Exact - reported,,,0,mm,no,4,"control, Mulinum spinosum",,,,,,,,,,,,,,,,
964_1,5,Experimental/applied,1/20/1996,Exact - reported,,,16,mm,no,5,"watered, Stipa speciosa",,,,,,,,,,,,,,,,
964_1,6,Experimental/applied,1/20/1996,Exact - reported,,,0,mm,no,6,"control, Stipa speciosa",,,,,,,,,,,,,,,,
964_2,3,Experimental/applied,1/20/1996,Exact - reported,,,16,mm,no,3,"watered, Nassauvia glomerulsoa",,,,,,,,,,,,,,,,
964_2,4,Experimental/applied,1/20/1996,Exact - reported,,,0,mm,no,4,"control, Nassauvia glomerulsoa",,,,,,,,,,,,,,,,
991,1,Natural,2014,Exact - reported,,,6.6,mm,no,1,,"Artemisia scoparia, Glycyrrhiza uralensis",,,,,,,,,,,,,,,
991,2,Natural,2015,Exact - reported,,,21.4,mm,no,1,,"Artemisia scoparia, Glycyrrhiza uralensis",,,,,,,,,,,,,,,
991,3,Natural,2013,Exact - reported,,,8.5,mm,no,1,,"Artemisia scoparia, Glycyrrhiza uralensis",,,,,,,,,,,,,,,
991,4,Natural,2015,Exact - reported,,,21.4,mm,no,1,,"Artemisia scoparia, Glycyrrhiza uralensis",,,,,,,,,,,,,,,
991,5,Natural,2015,Exact - reported,,,4.5,mm,no,1,,"Artemisia scoparia, Glycyrrhiza uralensis",,,,,,,,,,,,,,,
991,6,Natural,2013,Exact - reported,,,16.8,mm,no,1,,"Artemisia scoparia, Glycyrrhiza uralensis",,,,,,,,,,,,,,,
1007_1,1,Experimental/applied,12/5/2003,Exact - reported,24,hr,80,mm,no,1,watered natural site,Acacia anistrcarpa,,,,,,,,,,,,,,,
1007_1,2,Experimental/applied,12/5/2003,Exact - reported,24,hr,0,mm,no,2,control natural site,Acacia anistrcarpa,,,,,,,,,,,,,,,
1007_2,1,Experimental/applied,11/11/2003,Exact - reported,24,hr,80,mm,no,1,watered rehabilitation site,Acacia anistrcarpa,,,,,,,,,,,,,,,
1007_2,2,Experimental/applied,11/11/2003,Exact - reported,24,hr,0,mm,no,2,control rehabilitation site,Acacia anistrcarpa,,,,,,,,,,,,,,,
978,1,Experimental/applied,3/15/2002,Exact - reported,,,50,mm,no,1,,Prosopis velutina,,,,,,,,,,,,,,,
299,1,Experimental/applied,6/1/2014,Estimate - reported,5,min,31.8,mm,chamber or mesocosm,1,Wetland,,,,,loamy sand,,,,,,5.2,,,,,
299,2,Experimental/applied,6/1/2014,Estimate - reported,,,7.9,mm,chamber or mesocosm,1,Wetland,,,,,loamy sand,,,,,,5.2,,,,,
299,3,Experimental/applied,6/1/2014,Estimate - reported,,,6.4,mm,chamber or mesocosm,1,Wetland,,,,,loamy sand,,,,,,4.5,,,,,
299,4,Experimental/applied,6/1/2014,Estimate - reported,5,min,31.8,mm,chamber or mesocosm,2,Creek,,,,,sand,,,,,,6.1,,,,,
299,5,Experimental/applied,6/1/2014,Estimate - reported,,,7.9,mm,chamber or mesocosm,2,Creek,,,,,sand,,,,,,6.5,,,,,
299,6,Experimental/applied,6/1/2014,Estimate - reported,,,6.4,mm,chamber or mesocosm,2,Creek,,,,,sand,,,,,,6.3,,,,,
299,7,Experimental/applied,6/1/2014,Estimate - reported,5,min,31.8,mm,chamber or mesocosm,3,Forest site 1,,,,,sandy loam,,,,,,4.9,,,,,
299,8,Experimental/applied,6/1/2014,Estimate - reported,,,7.9,mm,chamber or mesocosm,3,Forest site 1,,,,,sandy loam,,,,,,5.3,,,,,
299,9,Experimental/applied,6/1/2014,Estimate - reported,,,6.4,mm,chamber or mesocosm,3,Forest site 1,,,,,sandy loam,,,,,,5.3,,,,,
299,10,Experimental/applied,6/1/2014,Estimate - reported,5,min,31.8,mm,chamber or mesocosm,4,Forest site 2,,,,,loam,,,,,,4.4,,,,,
299,11,Experimental/applied,6/1/2014,Estimate - reported,,,7.9,mm,chamber or mesocosm,4,Forest site 2,,,,,loam,,,,,,5.4,,,,,
299,12,Experimental/applied,6/1/2014,Estimate - reported,,,6.4,mm,chamber or mesocosm,4,Forest site 2,,,,,loam,,,,,,5.6,,,,,
321_1,1,Experimental/applied,8/1/2009,Estimate - reported,0,,1,mm,trenching/physical barrier,1,vegetated,,,,,,,,,0.19,2.17,,,,,,
321_1,2,Experimental/applied,8/1/2009,Estimate - reported,0,,5,mm,trenching/physical barrier,1,vegetated,,,,,,,,,0.19,2.17,,,,,,
321_1,3,Experimental/applied,8/1/2009,Estimate - reported,0,,15,mm,trenching/physical barrier,1,vegetated,,,,,,,,,0.19,2.17,,,,,,
321_1,4,Experimental/applied,8/1/2009,Estimate - reported,0,,1,mm,trenching/physical barrier,2,biological soil crust,,,,,,,,,0.15,1.77,,,,,,
321_1,5,Experimental/applied,8/1/2009,Estimate - reported,0,,5,mm,trenching/physical barrier,2,biological soil crust,,,,,,,,,0.15,1.77,,,,,,
321_1,6,Experimental/applied,8/1/2009,Estimate - reported,0,,15,mm,trenching/physical barrier,2,biological soil crust,,,,,,,,,0.15,1.77,,,,,,
321_1,7,Experimental/applied,8/1/2009,Estimate - reported,0,,1,mm,trenching/physical barrier,3,bare soil,,,,,,,,,0.16,1.63,,,,,,
321_1,8,Experimental/applied,8/1/2009,Estimate - reported,0,,5,mm,trenching/physical barrier,3,bare soil,,,,,,,,,0.16,1.63,,,,,,
321_1,9,Experimental/applied,8/1/2009,Estimate - reported,0,,15,mm,trenching/physical barrier,3,bare soil,,,,,,,,,0.16,1.63,,,,,,
321_2,1,Experimental/applied,8/1/2009,Estimate - reported,0,,1,mm,trenching/physical barrier,4,vegetated,,,,,,,,,0.21,2.14,,,,,,
321_2,2,Experimental/applied,8/1/2009,Estimate - reported,0,,5,mm,trenching/physical barrier,4,vegetated,,,,,,,,,0.21,2.14,,,,,,
321_2,3,Experimental/applied,8/1/2009,Estimate - reported,0,,15,mm,trenching/physical barrier,4,vegetated,,,,,,,,,0.21,2.14,,,,,,
321_2,4,Experimental/applied,8/1/2009,Estimate - reported,0,,1,mm,trenching/physical barrier,5,biological soil crust,,,,,,,,,0.15,1.46,,,,,,
321_2,5,Experimental/applied,8/1/2009,Estimate - reported,0,,5,mm,trenching/physical barrier,5,biological soil crust,,,,,,,,,0.15,1.46,,,,,,
321_2,6,Experimental/applied,8/1/2009,Estimate - reported,0,,15,mm,trenching/physical barrier,5,biological soil crust,,,,,,,,,0.15,1.46,,,,,,
321_2,7,Experimental/applied,8/1/2009,Estimate - reported,0,,1,mm,trenching/physical barrier,6,bare soil,,,,,,,,,0.14,1.33,,,,,,
321_2,8,Experimental/applied,8/1/2009,Estimate - reported,0,,5,mm,trenching/physical barrier,6,bare soil,,,,,,,,,0.14,1.33,,,,,,
321_2,9,Experimental/applied,8/1/2009,Estimate - reported,0,,15,mm,trenching/physical barrier,6,bare soil,,,,,,,,,0.14,1.33,,,,,,
321_1,10,Experimental/applied,8/23/2009,Exact - reported,0,,5,mm,trenching/physical barrier,1,vegetated,,,,,,,,,0.19,2.17,,,,,,
321_1,11,Experimental/applied,8/23/2009,Exact - reported,0,,5,mm,trenching/physical barrier,1,vegetated,,,,,,,,,0.19,2.17,,,,,,
321_1,12,Experimental/applied,8/23/2009,Exact - reported,0,,5,mm,trenching/physical barrier,1,vegetated,,,,,,,,,0.19,2.17,,,,,,
321_1,13,Experimental/applied,8/23/2009,Exact - reported,0,,5,mm,trenching/physical barrier,1,vegetated,,,,,,,,,0.19,2.17,,,,,,
321_1,14,Experimental/applied,8/23/2009,Exact - reported,0,,5,mm,trenching/physical barrier,2,biological soil crust,,,,,,,,,0.15,1.77,,,,,,
321_1,15,Experimental/applied,8/23/2009,Exact - reported,0,,5,mm,trenching/physical barrier,2,biological soil crust,,,,,,,,,0.15,1.77,,,,,,
321_1,16,Experimental/applied,8/23/2009,Exact - reported,0,,5,mm,trenching/physical barrier,2,biological soil crust,,,,,,,,,0.15,1.77,,,,,,
321_1,17,Experimental/applied,8/23/2009,Exact - reported,0,,5,mm,trenching/physical barrier,2,biological soil crust,,,,,,,,,0.15,1.77,,,,,,
321_1,18,Experimental/applied,8/23/2009,Exact - reported,0,,5,mm,trenching/physical barrier,3,bare soil,,,,,,,,,0.16,1.63,,,,,,
321_1,19,Experimental/applied,8/23/2009,Exact - reported,0,,5,mm,trenching/physical barrier,3,bare soil,,,,,,,,,0.16,1.63,,,,,,
321_1,20,Experimental/applied,8/23/2009,Exact - reported,0,,5,mm,trenching/physical barrier,3,bare soil,,,,,,,,,0.16,1.63,,,,,,
321_1,21,Experimental/applied,8/23/2009,Exact - reported,0,,5,mm,trenching/physical barrier,3,bare soil,,,,,,,,,0.16,1.63,,,,,,
359,1,Experimental/applied,7/6/2013,Exact - reported,,,0,mm,,1,C - control,,,,,,,,,,,,,,,,
359,2,Experimental/applied,7/6/2013,Exact - reported,,,5,mm,,2,LP - unwarmed + 6% ppt,,,,,,,,,,,,,,,,
359,3,Experimental/applied,7/6/2013,Exact - reported,,,20,mm,,3,HP - unwarmed + 25% ppm,,,,,,,,,,,,,,,,
359,4,Experimental/applied,7/24/2013,Exact - reported,,,0,mm,,1,C - control,,,,,,,,,,,,,,,,
359,5,Experimental/applied,7/24/2013,Exact - reported,,,5,mm,,2,LP - unwarmed + 6% ppt,,,,,,,,,,,,,,,,
359,6,Experimental/applied,7/24/2013,Exact - reported,,,20,mm,,3,HP - unwarmed + 25% ppm,,,,,,,,,,,,,,,,
359,7,Experimental/applied,8/5/2013,Exact - reported,,,0,mm,,1,C - control,,,,,,,,,,,,,,,,
359,8,Experimental/applied,8/5/2013,Exact - reported,,,5,mm,,2,LP - unwarmed + 6% ppt,,,,,,,,,,,,,,,,
359,9,Experimental/applied,8/5/2013,Exact - reported,,,20,mm,,3,HP - unwarmed + 25% ppm,,,,,,,,,,,,,,,,
359,10,Experimental/applied,8/20/2013,Exact - reported,,,0,mm,,1,C - control,,,,,,,,,,,,,,,,
359,11,Experimental/applied,8/20/2013,Exact - reported,,,5,mm,,2,LP - unwarmed + 6% ppt,,,,,,,,,,,,,,,,
359,12,Experimental/applied,8/20/2013,Exact - reported,,,20,mm,,3,HP - unwarmed + 25% ppm,,,,,,,,,,,,,,,,
359,13,Experimental/applied,9/4/2013,Exact - reported,,,0,mm,,1,C - control,,,,,,,,,,,,,,,,
359,14,Experimental/applied,9/4/2013,Exact - reported,,,5,mm,,2,LP - unwarmed + 6% ppt,,,,,,,,,,,,,,,,
359,15,Experimental/applied,9/4/2013,Exact - reported,,,20,mm,,3,HP - unwarmed + 25% ppm,,,,,,,,,,,,,,,,
378,1,Experimental/applied,5/10/2009,Exact - reported,,,0,mm,no,1,bare soil - 0 ,,,,,,,,17.34,,0.1,8.45,0,g/m2,,,
378,2,Experimental/applied,5/10/2009,Exact - reported,,,5.8,mm,no,2,bare soil - 25,,,,,,,,16.59,,0.12,8.45,0,g/m2,,,
378,3,Experimental/applied,5/10/2009,Exact - reported,,,11.5,mm,no,3,bare soil - 50,,,,,,,,20.61,,0.12,8.7,0,g/m2,,,
378,4,Experimental/applied,5/10/2009,Exact - reported,,,17.3,mm,no,4,bare soil - 75,,,,,,,,16.81,,0.11,8.82,0,g/m2,,,
378,5,Experimental/applied,5/10/2009,Exact - reported,,,23,mm,no,5,bare soil - 100,,,,,,,,17.94,,0.11,8.41,0,g/m2,,,
378,6,Natural,5/13/2009,Estimate - extracted,,,3.27,mm,no,1,bare soil - 0 ,,,,,,,,17.34,,0.1,8.45,0,g/m2,,,
378,7,Natural,5/13/2009,Estimate - extracted,,,3.27,mm,no,2,bare soil - 25,,,,,,,,16.59,,0.12,8.45,0,g/m2,,,
378,8,Natural,5/13/2009,Estimate - extracted,,,3.27,mm,no,3,bare soil - 50,,,,,,,,20.61,,0.12,8.7,0,g/m2,,,
378,9,Natural,5/13/2009,Estimate - extracted,,,3.27,mm,no,4,bare soil - 75,,,,,,,,16.81,,0.11,8.82,0,g/m2,,,
378,10,Natural,5/13/2009,Estimate - extracted,,,3.27,mm,no,5,bare soil - 100,,,,,,,,17.94,,0.11,8.41,0,g/m2,,,
378,11,Natural,5/27/2019,Estimate - extracted,,,4.4,mm,no,1,bare soil - 0 ,,,,,,,,17.34,,0.1,8.45,0,g/m2,,,
378,12,Natural,5/27/2019,Estimate - extracted,,,4.4,mm,no,2,bare soil - 25,,,,,,,,16.59,,0.12,8.45,0,g/m2,,,
378,13,Natural,5/27/2019,Estimate - extracted,,,4.4,mm,no,3,bare soil - 50,,,,,,,,20.61,,0.12,8.7,0,g/m2,,,
378,14,Natural,5/27/2019,Estimate - extracted,,,4.4,mm,no,4,bare soil - 75,,,,,,,,16.81,,0.11,8.82,0,g/m2,,,
378,15,Natural,5/27/2019,Estimate - extracted,,,4.4,mm,no,5,bare soil - 100,,,,,,,,17.94,,0.11,8.41,0,g/m2,,,
378,16,Experimental/applied,5/10/2009,Exact - reported,,,0,mm,no,6,Nitraria tangutorum - 0,Nitraria tangutorum,,,,,,,15.2,,0.11,8.36,57.6,g/m2,,,
378,17,Experimental/applied,5/10/2009,Exact - reported,,,5.8,mm,no,7,Nitraria tangutorum - 25,Nitraria tangutorum,,,,,,,16.97,,0.12,8.59,61.5,g/m2,,,
378,18,Experimental/applied,5/10/2009,Exact - reported,,,11.5,mm,no,8,Nitraria tangutorum - 50,Nitraria tangutorum,,,,,,,16.3,,0.12,8.82,83.2,g/m2,,,
378,19,Experimental/applied,5/10/2009,Exact - reported,,,17.3,mm,no,9,Nitraria tangutorum - 75,Nitraria tangutorum,,,,,,,16.06,,0.11,8.86,105.6,g/m2,,,
378,20,Experimental/applied,5/10/2009,Exact - reported,,,23,mm,no,10,Nitraria tangutorum - 100,Nitraria tangutorum,,,,,,,17.76,,0.13,8.62,211,g/m2,,,
378,21,Natural,5/13/2009,Estimate - extracted,,,3.27,mm,no,6,Nitraria tangutorum - 0,Nitraria tangutorum,,,,,,,15.2,,0.11,8.36,57.6,g/m2,,,
378,22,Natural,5/13/2009,Estimate - extracted,,,3.27,mm,no,7,Nitraria tangutorum - 25,Nitraria tangutorum,,,,,,,16.97,,0.12,8.59,61.5,g/m2,,,
378,23,Natural,5/13/2009,Estimate - extracted,,,3.27,mm,no,8,Nitraria tangutorum - 50,Nitraria tangutorum,,,,,,,16.3,,0.12,8.82,83.2,g/m2,,,
378,24,Natural,5/13/2009,Estimate - extracted,,,3.27,mm,no,9,Nitraria tangutorum - 75,Nitraria tangutorum,,,,,,,16.06,,0.11,8.86,105.6,g/m2,,,
378,25,Natural,5/13/2009,Estimate - extracted,,,3.27,mm,no,10,Nitraria tangutorum - 100,Nitraria tangutorum,,,,,,,17.76,,0.13,8.62,211,g/m2,,,
378,26,Natural,5/27/2019,Estimate - extracted,,,4.4,mm,no,6,Nitraria tangutorum - 0,Nitraria tangutorum,,,,,,,15.2,,0.11,8.36,57.6,g/m2,,,
378,27,Natural,5/27/2019,Estimate - extracted,,,4.4,mm,no,7,Nitraria tangutorum - 25,Nitraria tangutorum,,,,,,,16.97,,0.12,8.59,61.5,g/m2,,,
378,28,Natural,5/27/2019,Estimate - extracted,,,4.4,mm,no,8,Nitraria tangutorum - 50,Nitraria tangutorum,,,,,,,16.3,,0.12,8.82,83.2,g/m2,,,
378,29,Natural,5/27/2019,Estimate - extracted,,,4.4,mm,no,9,Nitraria tangutorum - 75,Nitraria tangutorum,,,,,,,16.06,,0.11,8.86,105.6,g/m2,,,
378,30,Natural,5/27/2019,Estimate - extracted,,,4.4,mm,no,10,Nitraria tangutorum - 100,Nitraria tangutorum,,,,,,,17.76,,0.13,8.62,211,g/m2,,,
378,31,Experimental/applied,7/10/2009,Exact - reported,,,0,mm,no,1,bare soil - 0 ,,,,,,,,17.34,,0.1,8.45,0,g/m2,,,
378,32,Experimental/applied,7/10/2009,Exact - reported,,,5.8,mm,no,2,bare soil - 25,,,,,,,,16.59,,0.12,8.45,0,g/m2,,,
378,33,Experimental/applied,7/10/2009,Exact - reported,,,11.5,mm,no,3,bare soil - 50,,,,,,,,20.61,,0.12,8.7,0,g/m2,,,
378,34,Experimental/applied,7/10/2009,Exact - reported,,,17.3,mm,no,4,bare soil - 75,,,,,,,,16.81,,0.11,8.82,0,g/m2,,,
378,35,Experimental/applied,7/10/2009,Exact - reported,,,23,mm,no,5,bare soil - 100,,,,,,,,17.94,,0.11,8.41,0,g/m2,,,
378,36,Experimental/applied,7/10/2009,Exact - reported,,,0,mm,no,6,Nitraria tangutorum - 0,Nitraria tangutorum,,,,,,,15.2,,0.11,8.36,57.6,g/m2,,,
378,37,Experimental/applied,7/10/2009,Exact - reported,,,5.8,mm,no,7,Nitraria tangutorum - 25,Nitraria tangutorum,,,,,,,16.97,,0.12,8.59,61.5,g/m2,,,
378,38,Experimental/applied,7/10/2009,Exact - reported,,,11.5,mm,no,8,Nitraria tangutorum - 50,Nitraria tangutorum,,,,,,,16.3,,0.12,8.82,83.2,g/m2,,,
378,39,Experimental/applied,7/10/2009,Exact - reported,,,17.3,mm,no,9,Nitraria tangutorum - 75,Nitraria tangutorum,,,,,,,16.06,,0.11,8.86,105.6,g/m2,,,
378,40,Experimental/applied,7/10/2009,Exact - reported,,,23,mm,no,10,Nitraria tangutorum - 100,Nitraria tangutorum,,,,,,,17.76,,0.13,8.62,211,g/m2,,,
378,41,Experimental/applied,9/10/2009,Exact - reported,,,0,mm,no,1,bare soil - 0 ,,,,,,,,17.34,,0.1,8.45,0,g/m2,,,
378,42,Experimental/applied,9/10/2009,Exact - reported,,,5.8,mm,no,2,bare soil - 25,,,,,,,,16.59,,0.12,8.45,0,g/m2,,,
378,43,Experimental/applied,9/10/2009,Exact - reported,,,11.5,mm,no,3,bare soil - 50,,,,,,,,20.61,,0.12,8.7,0,g/m2,,,
378,44,Experimental/applied,9/10/2009,Exact - reported,,,17.3,mm,no,4,bare soil - 75,,,,,,,,16.81,,0.11,8.82,0,g/m2,,,
378,45,Experimental/applied,9/10/2009,Exact - reported,,,23,mm,no,5,bare soil - 100,,,,,,,,17.94,,0.11,8.41,0,g/m2,,,
378,46,Experimental/applied,9/10/2009,Exact - reported,,,0,mm,no,6,Nitraria tangutorum - 0,Nitraria tangutorum,,,,,,,15.2,,0.11,8.36,57.6,g/m2,,,
378,47,Experimental/applied,9/10/2009,Exact - reported,,,5.8,mm,no,7,Nitraria tangutorum - 25,Nitraria tangutorum,,,,,,,16.97,,0.12,8.59,61.5,g/m2,,,
378,48,Experimental/applied,9/10/2009,Exact - reported,,,11.5,mm,no,8,Nitraria tangutorum - 50,Nitraria tangutorum,,,,,,,16.3,,0.12,8.82,83.2,g/m2,,,
378,49,Experimental/applied,9/10/2009,Exact - reported,,,17.3,mm,no,9,Nitraria tangutorum - 75,Nitraria tangutorum,,,,,,,16.06,,0.11,8.86,105.6,g/m2,,,
378,50,Experimental/applied,9/10/2009,Exact - reported,,,23,mm,no,10,Nitraria tangutorum - 100,Nitraria tangutorum,,,,,,,17.76,,0.13,8.62,211,g/m2,,,
22,1,Experimental/applied,5/31/2006,Exact - reported,,,25,mm,trenching,1,A - ambient CO2 (380 ppm),,,,,,,,,,,,27,%,,,
22,2,Experimental/applied,5/31/2006,Exact - reported,,,5,mm,trenching,2,C - control,,,,,,,,,,,,16,%,,,
22,3,Experimental/applied,8/4/2006,Exact - reported,,,20,mm,trenching,1,A - ambient CO2 (380 ppm),,,,,,,,,,,,22,%,,,
22,4,Experimental/applied,8/4/2006,Exact - reported,,,0,mm,trenching,2,C - control,,,,,,,,,,,,16,%,,,
642_1,1,Experimental/applied,6/10/2002,Exact - reported,0,,39,mm,trenching,1,holocene heteropogon monoculture,Heteropogon contortus,monoculture,,100,,,,,,,,0.9,unitless,2001,field - planted,
642_2,1,Experimental/applied,6/10/2002,Exact - reported,0,,39,mm,trenching,1,holocene lehmanniana monoculture,Eragrostis lehmanniana,monoculture,,100,,,,,,,,0.69,unitless,2001,field - planted,
642_3,1,Experimental/applied,6/10/2002,Exact - reported,0,,39,mm,trenching,2,pleistocene heteropogon monoculture,Heteropogon contortus,monoculture,,100,,,,,,,,1.05,unitless,2001,field - planted,
642_4,1,Experimental/applied,6/10/2002,Exact - reported,0,,39,mm,trenching,2,pleistocene lehmanniana monoculture,Eragrostis lehmanniana,monoculture,,100,,,,,,,,0.59,unitless,2001,field - planted,
64,1,Experimental/applied,6/20/2006,Exact - reported,3,hr,0,mm,no,1,,,,,,,,,,,,,,,,,
64,2,Experimental/applied,6/20/2006,Exact - reported,3,hr,5,mm,no,1,,,,,,,,,,,,,,,,,
64,3,Experimental/applied,6/20/2006,Exact - reported,3,hr,10,mm,no,1,,,,,,,,,,,,,,,,,
64,4,Experimental/applied,6/20/2006,Exact - reported,3,hr,25,mm,no,1,,,,,,,,,,,,,,,,,
64,5,Experimental/applied,6/20/2006,Exact - reported,3,hr,75,mm,no,1,,,,,,,,,,,,,,,,,
539_1,1,Experimental/applied,6/9/2002,Exact - reported,0,days,39,mm,trenching/physical barrier,1,"Pre-monsoon, coarse soil, vegetated",H. contortus + E. lehmanniana,,,,sandy loam,,,,,,,18.6,plants m^-2,,planted,
539_2,1,Experimental/applied,6/9/2002,Exact - reported,0,days,39,mm,trenching/physical barrier,1,"Pre-monsoon, fine soil,  vegetated",H. contortus + E. lehmanniana,,,,clay loam,,,,,,,18.6,plants m^-2,,planted,
539_1,2,Experimental/applied,6/9/2002,Exact - reported,0,days,39,mm,trenching/physical barrier,2,"pre-monsoon, coarse soil, bare",none,,,,sandy loam,,,,,,,,,,NA,
539_2,2,Experimental/applied,6/9/2002,Exact - reported,0,days,39,mm,trenching/physical barrier,2,"pre-monsoon, fine soil, bare",none,,,,clay loam,,,,,,,,,,NA,
539_1,3,Experimental/applied,8/16/2002,Exact - reported,0,days,39,mm,trenching/physical barrier,3,"wet monsoon (50% > avg before pulse), coarse, vegetated",H. contortus + E. lehmanniana,,,,sandy loam,,,,,,,18.6,plants m^-2,,planted,
539_2,3,Experimental/applied,8/16/2002,Exact - reported,0,days,39,mm,trenching/physical barrier,3,"wet monsoon (50% > avg before pulse), fine, vegetated",H. contortus + E. lehmanniana,,,,clay loam,,,,,,,18.6,plants m^-2,,planted,
539_1,4,Experimental/applied,8/16/2002,Exact - reported,0,days,39,mm,trenching/physical barrier,2,"wet monsoon, coarse,  bare",none,,,,sandy loam,,,,,,,,,,NA,
539_2,4,Experimental/applied,8/16/2002,Exact - reported,0,days,39,mm,trenching/physical barrier,2,"wet monsoon, fine,  bare",none,,,,clay loam,,,,,,,,,,NA,
539_1,5,Experimental/applied,8/16/2002,Exact - reported,0,days,12,mm,trenching/physical barrier,4,"dry monsoon (50% < avg before pulse), coarse,  vegetated",H. contortus + E. lehmanniana,,,,sandy loam,,,,,,,18.6,plants m^-2,,planted,
539_2,5,Experimental/applied,8/16/2002,Exact - reported,0,days,12,mm,trenching/physical barrier,4,"dry monsoon (50% < avg before pulse), fine,  vegetated",H. contortus + E. lehmanniana,,,,clay loam,,,,,,,18.6,plants m^-2,,planted,
542,1,Experimental/applied,7/5/2006,Exact - reported,9,hours,20,mm,no,,abandoned,Quercus ilex ssp ballota Lam.,,,,,,,,,,,24.8,trees ha-1,,established ,
542,2,Experimental/applied,7/5/2006,Exact - reported,9,hours,20,mm,no,,abandoned,senesced herbaceous species,,,,,,,,,,,,,,established ,
542,3,Experimental/applied,7/5/2006,Exact - reported,9,hours,20,mm,no,,grazed,Quercus ilex ssp ballota Lam.,,,,,,,,,,,24.8,trees ha-1,,established ,
542,4,Experimental/applied,7/5/2006,Exact - reported,9,hours,20,mm,no,,grazed,senesced herbaceous species,,,,,,,,,,,,,,established ,
542,5,Experimental/applied,7/19/2006,Exact - reported,9,hours,20,mm,no,,abandoned,Quercus ilex ssp ballota Lam.,,,,,,,,,,,24.8,trees ha-1,,established ,
542,6,Experimental/applied,7/19/2006,Exact - reported,9,hours,20,mm,no,,abandoned,senesced herbaceous species,,,,,,,,,,,,,,established ,
542,7,Experimental/applied,7/19/2006,Exact - reported,9,hours,20,mm,no,,grazed,Quercus ilex ssp ballota Lam.,,,,,,,,,,,24.8,trees ha-1,,established ,
542,8,Experimental/applied,7/19/2006,Exact - reported,9,hours,20,mm,no,,grazed,senesced herbaceous species,,,,,,,,,,,,,,established ,
542,9,Experimental/applied,8/2/2006,Exact - reported,9,hours,20,mm,no,,abandoned,Quercus ilex ssp ballota Lam.,,,,,,,,,,,24.8,trees ha-1,,established ,
542,10,Experimental/applied,8/2/2006,Exact - reported,9,hours,20,mm,no,,abandoned,senesced herbaceous species,,,,,,,,,,,,,,established ,
542,11,Experimental/applied,8/2/2006,Exact - reported,9,hours,20,mm,no,,grazed,Quercus ilex ssp ballota Lam.,,,,,,,,,,,24.8,trees ha-1,,established ,
542,12,Experimental/applied,8/2/2006,Exact - reported,9,hours,20,mm,no,,grazed,senesced herbaceous species,,,,,,,,,,,,,,established ,
546,1,Experimental/applied,9/21/2006,Exact - reported,7,hours,20,mm,trenching/physical barrier,,grazed,"Avena spp, Bromus spp, Lolium spp, Hordeum spp., Erodium spp., Trifolium spp.",,,,clay loam,,,,,,,,,,established ,
546,2,Experimental/applied,9/21/2006,Exact - reported,0,hours,0,mm,trenching/physical barrier,,grazed,"Avena spp, Bromus spp, Lolium spp, Hordeum spp., Erodium spp., Trifolium spp.",,,,clay loam,,,,,,,,,,established ,
546,3,Experimental/applied,7/12/2005,Exact - reported,7,hours,20,mm,trenching/physical barrier,,grazed,"Avena spp, Bromus spp, Lolium spp, Hordeum spp., Erodium spp., Trifolium spp.",,,,clay loam,,,,,,,,,,established ,
546,4,Experimental/applied,7/12/2005,Exact - reported,0,hours,0,mm,trenching/physical barrier,,grazed,"Avena spp, Bromus spp, Lolium spp, Hordeum spp., Erodium spp., Trifolium spp.",,,,clay loam,,,,,,,,,,established ,
479_1,1,Experimental/applied,9/17/2007,Exact - reported,0,days,5,mm,collar,,A. Aphylla,A. Aphylla,,,,loam,,,,,,,20,%,,established,
479_1,2,Experimental/applied,9/17/2007,Exact - reported,0,days,2.5,mm,collar,,A. Aphylla,A. Aphylla,,,,loam,,,,,,,20,%,,established,
479_1,3,Experimental/applied,9/17/2007,Exact - reported,0,days,0,mm,collar,,A. Aphylla,A. Aphylla,,,,loam,,,,,,,20,%,,established,
479_2,1,Experimental/applied,9/17/2007,Exact - reported,0,days,5,mm,collar,,H. caspica,H. caspica,,,,loam,,,,,,,25,%,,established,
479_2,2,Experimental/applied,9/17/2007,Exact - reported,0,days,2.5,mm,collar,,H. caspica,H. caspica,,,,loam,,,,,,,25,%,,established,
479_2,3,Experimental/applied,9/17/2007,Exact - reported,0,days,0,mm,collar,,H. caspica,H. caspica,,,,loam,,,,,,,25,%,,established,
694,1,Experimental/applied,6/1/2001,Estimate - reported,0,days,11.5,mm,aboveground barriers,,A. tridentata,A. tridentata,,,,,,,,,,,,,,established,
694,2,Experimental/applied,6/1/2001,Estimate - reported,0,days,11.5,mm,aboveground barriers,,P. tridentata,P. tridentata,,,,,,,,,,,,,,established,
759_1,1,Experimental/applied,6/15/2003,Estimate - reported,,,39,mm,trenching,1,569 mm;  sand;  Eragrostis,Eragrostis lehmanniana Nees,monoculture,,100,loamy sand,,,,,,,,,,,
759_1,2,Experimental/applied,6/15/2003,Estimate - reported,,,39,mm,trenching,2,356 mm;  sand;  Eragrostis,Eragrostis lehmanniana Nees,monoculture,,100,loamy sand,,,,,,,,,,,
759_1,3,Experimental/applied,8/15/2003,Estimate - reported,,,39,mm,trenching,1,569 mm;  sand;  Eragrostis,Eragrostis lehmanniana Nees,monoculture,,100,loamy sand,,,,,,,,,,,
759_1,4,Experimental/applied,8/15/2003,Estimate - reported,,,12,mm,trenching,2,356 mm;  sand;  Eragrostis,Eragrostis lehmanniana Nees,monoculture,,100,loamy sand,,,,,,,,,,,
759_2,1,Experimental/applied,6/15/2003,Estimate - reported,,,39,mm,trenching,1,569 mm;  clay;  Eragrostis,Eragrostis lehmanniana Nees,monoculture,,100,clay,,,,,,,,,,,
759_2,2,Experimental/applied,6/15/2003,Estimate - reported,,,39,mm,trenching,2,356 mm;  clay;  Eragrostis,Eragrostis lehmanniana Nees,monoculture,,100,clay,,,,,,,,,,,
759_2,3,Experimental/applied,8/15/2003,Estimate - reported,,,39,mm,trenching,1,569 mm;  clay;  Eragrostis,Eragrostis lehmanniana Nees,monoculture,,100,clay,,,,,,,,,,,
759_2,4,Experimental/applied,8/15/2003,Estimate - reported,,,12,mm,trenching,2,356 mm;  clay;  Eragrostis,Eragrostis lehmanniana Nees,monoculture,,100,clay,,,,,,,,,,,
759_1,5,Experimental/applied,6/15/2003,Estimate - reported,,,39,mm,trenching,3,569 mm;  sand;  Heteropogon,Heteropogon contortus L.,monoculture,,100,loamy sand,,,,,,,,,,,
759_1,6,Experimental/applied,6/15/2003,Estimate - reported,,,39,mm,trenching,4,356 mm;  sand;  Heteropogon,Heteropogon contortus L.,monoculture,,100,loamy sand,,,,,,,,,,,
759_1,7,Experimental/applied,8/15/2003,Estimate - reported,,,39,mm,trenching,3,569 mm;  sand;  Heteropogon,Heteropogon contortus L.,monoculture,,100,loamy sand,,,,,,,,,,,
759_1,8,Experimental/applied,8/15/2003,Estimate - reported,,,12,mm,trenching,4,356 mm;  sand;  Heteropogon,Heteropogon contortus L.,monoculture,,100,loamy sand,,,,,,,,,,,
759_2,5,Experimental/applied,6/15/2003,Estimate - reported,,,39,mm,trenching,3,569 mm;  clay;  Heteropogon,Heteropogon contortus L.,monoculture,,100,clay,,,,,,,,,,,
759_2,6,Experimental/applied,6/15/2003,Estimate - reported,,,39,mm,trenching,4,356 mm;  clay;  Heteropogon,Heteropogon contortus L.,monoculture,,100,clay,,,,,,,,,,,
759_2,7,Experimental/applied,8/15/2003,Estimate - reported,,,39,mm,trenching,3,569 mm;  clay;  Heteropogon,Heteropogon contortus L.,monoculture,,100,clay,,,,,,,,,,,
759_2,8,Experimental/applied,8/15/2003,Estimate - reported,,,12,mm,trenching,4,356 mm;  clay;  Heteropogon,Heteropogon contortus L.,monoculture,,100,clay,,,,,,,,,,,
184,1,Experimental/applied,8/20/2007,Estimate - reported,,,0,mm,no,,bare soil (BS),,,,,,,,,,,,,,,,
184,2,Experimental/applied,8/20/2007,Estimate - reported,,,3,mm,no,,bare soil (BS),,,,,,,,,,,,,,,,
184,3,Experimental/applied,8/20/2007,Estimate - reported,,,0,mm,no,,cyanobacterial crust (CS),,,,,,,,,,,,,,,,
184,4,Experimental/applied,8/20/2007,Estimate - reported,,,3,mm,no,,cyanobacterial crust (CS),,,,,,,,,,,,,,,,
184,5,Experimental/applied,8/20/2007,Estimate - reported,,,0,mm,no,,soil beneath plants (PS),,,,,,,,,,,,,,,,
184,6,Experimental/applied,8/20/2007,Estimate - reported,,,3,mm,no,,soil beneath plants (PS),,,,,,,,,,,,,,,,
199_1,1,Natural,5/30/2003,Exact - reported,,,13.7,mm,no,1,Deciduous forest site (DBF),"Quercus acutissima, Acer palmatum, Fraxinus rhynchophylla",,,,sandy loam,,,,,,,,,,,
199_1,2,Natural,7/9/2003,Exact - reported,,,61,mm,no,1,Deciduous forest site (DBF),"Quercus acutissima, Acer palmatum, Fraxinus rhynchophylla",,,,sandy loam,,,,,,,,,,,
199_2,1,Natural,5/30/2003,Exact - reported,,,13.7,mm,no,2,Coniferous forest site (ENF),Pinus koraiensis,,,,sandy loam,,,,,,,,,,,
199_2,2,Natural,7/9/2003,Exact - reported,,,61,mm,no,2,Coniferous forest site (ENF),Pinus koraiensis,,,,sandy loam,,,,,,,,,,,
199_3,1,Natural,5/30/2003,Exact - reported,,,13.7,mm,no,3,Mixed Forest site (MF),"Acer palmatum, Quercus acutissima, Pinus koraiensis",,,,sandy loam,,,,,,,,,,,
199_3,2,Natural,7/9/2003,Exact - reported,,,61,mm,no,3,Mixed Forest site (MF),"Acer palmatum, Quercus acutissima, Pinus koraiensis",,,,sandy loam,,,,,,,,,,,
216,1,Experimental/applied,6/23/2012,Exact - reported,,,2,mm,collar,1,Moss covered soil (MCS),,,,,sandy loam,,,5.94,3.44,g kg-1,,0.58,g kg-1,8.85,31.51,%
216,2,Experimental/applied,6/23/2012,Exact - reported,,,4,mm,collar,1,Moss covered soil (MCS),,,,,sandy loam,,,5.94,3.44,g kg-1,,0.58,g kg-1,8.85,31.51,%
216,3,Experimental/applied,6/23/2012,Exact - reported,,,8,mm,collar,1,Moss covered soil (MCS),,,,,sandy loam,,,5.94,3.44,g kg-1,,0.58,g kg-1,8.85,31.51,%
216,4,Experimental/applied,6/23/2012,Exact - reported,,,16,mm,collar,1,Moss covered soil (MCS),,,,,sandy loam,,,5.94,3.44,g kg-1,,0.58,g kg-1,8.85,31.51,%
216,5,Experimental/applied,6/23/2012,Exact - reported,,,32,mm,collar,1,Moss covered soil (MCS),,,,,sandy loam,,,5.94,3.44,g kg-1,,0.58,g kg-1,8.85,31.51,%
216,6,Experimental/applied,6/23/2012,Exact - reported,,,2,mm,collar,2,Cyanobacteria-lichen-crusted soil (CLCS),,,,,loamy sand,,,6.21,2.43,g kg-1,,0.39,g kg-1,8.97,42.08,%
216,7,Experimental/applied,6/23/2012,Exact - reported,,,4,mm,collar,2,Cyanobacteria-lichen-crusted soil (CLCS),,,,,loamy sand,,,6.21,2.43,g kg-1,,0.39,g kg-1,8.97,42.08,%
216,8,Experimental/applied,6/23/2012,Exact - reported,,,8,mm,collar,2,Cyanobacteria-lichen-crusted soil (CLCS),,,,,loamy sand,,,6.21,2.43,g kg-1,,0.39,g kg-1,8.97,42.08,%
216,9,Experimental/applied,6/23/2012,Exact - reported,,,16,mm,collar,2,Cyanobacteria-lichen-crusted soil (CLCS),,,,,loamy sand,,,6.21,2.43,g kg-1,,0.39,g kg-1,8.97,42.08,%
216,10,Experimental/applied,6/23/2012,Exact - reported,,,32,mm,collar,2,Cyanobacteria-lichen-crusted soil (CLCS),,,,,loamy sand,,,6.21,2.43,g kg-1,,0.39,g kg-1,8.97,42.08,%